Guid,Name,Type,ParentId,BillingStreet,BillingCity,BillingState,BillingPostalCode,BillingCountry,BillingLatitude,BillingLongitude,BillingGeocodeAccuracy,ShippingStreet,ShippingCity,ShippingState,ShippingPostalCode,ShippingCountry,ShippingLatitude,ShippingLongitude,ShippingGeocodeAccuracy,Phone,Fax,Website,Industry,AnnualRevenue,NumberOfEmployees,Description,Jigsaw,AccountSource,SicDesc,SBQQ__AssetQuantitiesCombined__c,SBQQ__CoTermedContractsCombined__c,SBQQ__ContractCoTermination__c,SBQQ__DefaultOpportunity__c,SBQQ__IgnoreParentContractedPrices__c,SBQQ__PreserveBundle__c,SBQQ__PriceHoldEnd__c,SBQQ__RenewalModel__c,SBQQ__RenewalPricingMethod__c,SBQQ__TaxExempt__c,SBQQ__CoTerminationEvent__c,Test_Custom_Field__c
43641d52-f1f9-437d-a24c-0e898b31b975,My Test,#N/A,#N/A,#N/A,#N/A,#N/A,#N/A,#N/A,#N/A,#N/A,#N/A,#N/A,#N/A,#N/A,#N/A,#N/A,#N/A,#N/A,#N/A,#N/A,#N/A,#N/A,#N/A,#N/A,#N/A,#N/A,#N/A,#N/A,#N/A,false,false,Never,#N/A,false,true,#N/A,#N/A,Same,No,#N/A,false
046f12f6-0f41-4f51-9112-a10d736515e8,Test 123,#N/A,#N/A,#N/A,#N/A,#N/A,#N/A,#N/A,#N/A,#N/A,#N/A,#N/A,#N/A,#N/A,#N/A,#N/A,#N/A,#N/A,#N/A,#N/A,#N/A,#N/A,#N/A,#N/A,#N/A,#N/A,#N/A,#N/A,#N/A,false,false,Never,#N/A,false,true,#N/A,#N/A,Same,No,#N/A,false
d956aee5-dcdf-4790-9439-e2a8d713b820,Automation Account 3,#N/A,#N/A,#N/A,#N/A,#N/A,#N/A,#N/A,#N/A,#N/A,#N/A,#N/A,#N/A,#N/A,#N/A,#N/A,#N/A,#N/A,#N/A,#N/A,#N/A,#N/A,#N/A,#N/A,#N/A,#N/A,#N/A,#N/A,#N/A,false,false,Never,#N/A,false,true,#N/A,#N/A,Same,No,#N/A,false
93afcd51-c413-488e-ac2b-ad71998fe3b0,Automation Account 5,#N/A,#N/A,#N/A,#N/A,#N/A,#N/A,#N/A,#N/A,#N/A,#N/A,#N/A,#N/A,#N/A,#N/A,#N/A,#N/A,#N/A,#N/A,#N/A,#N/A,#N/A,#N/A,#N/A,#N/A,#N/A,#N/A,#N/A,#N/A,false,false,Never,#N/A,false,true,#N/A,#N/A,Same,No,#N/A,false
d0ee4b2a-c113-4f4a-bb86-e7f9429d2a34,12.6,#N/A,#N/A,#N/A,#N/A,#N/A,#N/A,#N/A,#N/A,#N/A,#N/A,#N/A,#N/A,#N/A,#N/A,#N/A,#N/A,#N/A,#N/A,#N/A,#N/A,#N/A,#N/A,#N/A,#N/A,#N/A,#N/A,#N/A,#N/A,false,false,Never,#N/A,false,true,#N/A,#N/A,Same,No,#N/A,false
cf7ded0d-9182-488f-89ff-36d1cf3bd6ee,Automation Account 2,#N/A,#N/A,#N/A,#N/A,#N/A,#N/A,#N/A,#N/A,#N/A,#N/A,#N/A,#N/A,#N/A,#N/A,#N/A,#N/A,#N/A,#N/A,#N/A,#N/A,#N/A,#N/A,#N/A,#N/A,#N/A,#N/A,#N/A,#N/A,false,false,Never,#N/A,false,true,#N/A,#N/A,Same,No,#N/A,false
9c0c30a1-05eb-48f5-8e12-2cc40a2d9da9,Testing,#N/A,#N/A,#N/A,#N/A,#N/A,#N/A,#N/A,#N/A,#N/A,#N/A,#N/A,#N/A,#N/A,#N/A,#N/A,#N/A,#N/A,#N/A,#N/A,#N/A,#N/A,#N/A,#N/A,#N/A,#N/A,#N/A,#N/A,#N/A,false,false,Never,#N/A,false,true,#N/A,#N/A,Same,No,#N/A,false
b84739d4-207d-4f2a-8101-634a1dbd3aa2,Automation Account 4,#N/A,#N/A,#N/A,#N/A,#N/A,#N/A,#N/A,#N/A,#N/A,#N/A,#N/A,#N/A,#N/A,#N/A,#N/A,#N/A,#N/A,#N/A,#N/A,#N/A,#N/A,#N/A,#N/A,#N/A,#N/A,#N/A,#N/A,#N/A,false,false,Never,#N/A,false,true,#N/A,#N/A,Same,No,#N/A,false
b35d42d1-c37d-40de-a31f-508954b86a7a,Test,#N/A,#N/A,#N/A,#N/A,#N/A,#N/A,#N/A,#N/A,#N/A,#N/A,#N/A,#N/A,#N/A,#N/A,#N/A,#N/A,#N/A,#N/A,#N/A,#N/A,#N/A,#N/A,#N/A,#N/A,#N/A,#N/A,#N/A,#N/A,false,false,Never,#N/A,false,true,#N/A,#N/A,Same,No,#N/A,false
63b1a8b5-dfc1-4abf-afb6-5461a8ce5277,Automation Account 1,#N/A,#N/A,#N/A,#N/A,#N/A,#N/A,#N/A,#N/A,#N/A,#N/A,#N/A,#N/A,#N/A,#N/A,#N/A,#N/A,#N/A,#N/A,#N/A,#N/A,#N/A,#N/A,#N/A,#N/A,#N/A,#N/A,#N/A,#N/A,false,false,Never,#N/A,false,true,#N/A,#N/A,Same,No,#N/A,false
8ef8999b-f023-4a13-993d-01750d826ea4,Automation Account 2,#N/A,#N/A,#N/A,#N/A,#N/A,#N/A,#N/A,#N/A,#N/A,#N/A,#N/A,#N/A,#N/A,#N/A,#N/A,#N/A,#N/A,#N/A,#N/A,#N/A,#N/A,#N/A,#N/A,#N/A,#N/A,#N/A,#N/A,#N/A,false,false,Never,#N/A,false,true,#N/A,#N/A,Same,No,#N/A,false
f0fb7e71-53f2-4d55-90fc-bd0df84ee1e8,Automation Account 2,#N/A,#N/A,#N/A,#N/A,#N/A,#N/A,#N/A,#N/A,#N/A,#N/A,#N/A,#N/A,#N/A,#N/A,#N/A,#N/A,#N/A,#N/A,#N/A,#N/A,#N/A,#N/A,#N/A,#N/A,#N/A,#N/A,#N/A,#N/A,false,false,Never,#N/A,false,true,#N/A,#N/A,Same,No,#N/A,false
03530548-142b-4760-9c63-dadd2559de47,Test,#N/A,#N/A,#N/A,#N/A,#N/A,#N/A,#N/A,#N/A,#N/A,#N/A,#N/A,#N/A,#N/A,#N/A,#N/A,#N/A,#N/A,#N/A,#N/A,#N/A,#N/A,#N/A,#N/A,#N/A,#N/A,#N/A,#N/A,#N/A,false,false,Never,#N/A,false,true,#N/A,#N/A,Same,No,#N/A,false
b430e221-e1dd-4e7e-9395-cd6583d7582c,Automation Account 3,#N/A,#N/A,#N/A,#N/A,#N/A,#N/A,#N/A,#N/A,#N/A,#N/A,#N/A,#N/A,#N/A,#N/A,#N/A,#N/A,#N/A,#N/A,#N/A,#N/A,#N/A,#N/A,#N/A,#N/A,#N/A,#N/A,#N/A,#N/A,false,false,Never,#N/A,false,true,#N/A,#N/A,Same,No,#N/A,false
9043bf79-0804-451d-ab22-5605b67fd224,Automation Account 2,#N/A,#N/A,#N/A,#N/A,#N/A,#N/A,#N/A,#N/A,#N/A,#N/A,#N/A,#N/A,#N/A,#N/A,#N/A,#N/A,#N/A,#N/A,#N/A,#N/A,#N/A,#N/A,#N/A,#N/A,#N/A,#N/A,#N/A,#N/A,false,false,Never,#N/A,false,true,#N/A,#N/A,Same,No,#N/A,false
0bb223c0-fac7-4224-aed5-0c8d5e36ba24,Automation Account 4,#N/A,#N/A,#N/A,#N/A,#N/A,#N/A,#N/A,#N/A,#N/A,#N/A,#N/A,#N/A,#N/A,#N/A,#N/A,#N/A,#N/A,#N/A,#N/A,#N/A,#N/A,#N/A,#N/A,#N/A,#N/A,#N/A,#N/A,#N/A,false,false,Never,#N/A,false,true,#N/A,#N/A,Same,No,#N/A,false
1b8393f2-364b-4a4e-9624-bcf8f2129daa,Global Media,Prospect,#N/A,150 Chestnut Street,Toronto,Ontario,L4B 1Y3,Canada,#N/A,#N/A,#N/A,150 Chestnut Street,Toronto,Ontario,L4B 1Y3,Canada,#N/A,#N/A,#N/A,(905) 555-1212,#N/A,#N/A,Media,#N/A,14668,"GBM is the worldwide leader in technology news and information on the Web and the producer of the longest-running and farthest-reaching television shows about technology. GBM's network of sites combines breakthrough interactive technology with engaging content and design and is consistently ranked as the Internet's leading content network in terms of both audience size and revenue, serving millions of users each day. The company's television programming is broadcast by the USA Network and the Sci-Fi Channel to more than 70 million households and is syndicated to broadcast television stations in the nation's top 120 markets, including the top 10 markets.",#N/A,#N/A,#N/A,false,false,#N/A,#N/A,false,false,#N/A,#N/A,#N/A,#N/A,#N/A,false
e41df73a-f5bb-4629-b823-bd5dec907880,Sample Account for Entitlements,#N/A,#N/A,#N/A,#N/A,#N/A,#N/A,#N/A,#N/A,#N/A,#N/A,#N/A,#N/A,#N/A,#N/A,#N/A,#N/A,#N/A,#N/A,#N/A,#N/A,#N/A,#N/A,#N/A,#N/A,#N/A,#N/A,#N/A,#N/A,false,false,#N/A,#N/A,false,false,#N/A,#N/A,#N/A,#N/A,#N/A,false
8ef440c6-1daf-478a-848e-506b0d02ddcc,Automation Account 5,#N/A,#N/A,#N/A,#N/A,#N/A,#N/A,#N/A,#N/A,#N/A,#N/A,#N/A,#N/A,#N/A,#N/A,#N/A,#N/A,#N/A,#N/A,#N/A,#N/A,#N/A,#N/A,#N/A,#N/A,#N/A,#N/A,#N/A,#N/A,false,false,Never,#N/A,false,true,#N/A,#N/A,Same,No,#N/A,false
7efb95e8-3506-4db0-88b7-9fa186606ea6,Automation Account 1,#N/A,#N/A,#N/A,#N/A,#N/A,#N/A,#N/A,#N/A,#N/A,#N/A,#N/A,#N/A,#N/A,#N/A,#N/A,#N/A,#N/A,#N/A,#N/A,#N/A,#N/A,#N/A,#N/A,#N/A,#N/A,#N/A,#N/A,#N/A,false,false,Never,#N/A,false,true,#N/A,#N/A,Same,No,#N/A,false
